page,name,food1,food2,food3
60,그리움,산적 꼬치,소고기 국밥,조기구이
64,면천 두견주 [2병/4병],화전,두부,월남쌈
65,감사,두부구이,버섯 전골,육회
66,술샘16,막국수,과일치즈,연어샐러드
67,미르 25%,조개탕,삼겹살,돼지껍데기
70,서울의 밤,샤브샤브,광어회,주꾸미 볶음
72,삼양춘 탁주,해물 라면,코다리찜,해물 파전
75,술취한 원숭이 X 4병,떡갈비,불고기,양념 치킨
76,홍삼명주,닭볶음탕,녹두전,삼계탕
77,매실원주,골뱅이 소면 무침,카프레제,냉채 족발
80,추사 블루 스위트,피칸 파이,까르보나라,블루베리 파이
81,추사 40%,육포,견과류,크래커
82,추사 애플 와인,육회,불고기,찜닭
83,술예쁘다,복숭아,김치말이국수,갈비찜
84,술그리다,김치전,백반,감자전
85,천비향 화주,굴비,곱창전골,홍어 삼합
86,천비향 생주,닭볶음탕,비빔밥,두부부침
87,천비향 약주,소고기 안심,찜닭,비빔면
88,택이 X 2병,수육,김치전,백반
89,문경바람 오크 40%,육포,견과류,초콜릿
90,문경바람 백자 40%,삼겹살,곱창,고등어 회
92,고운달 백자 (세트포장),과일,견과류,초콜릿
93,솔송주,배추전,문어 숙회,전복간장조림
94,고운달 오크 (세트포장),과일,견과류,초콜릿
95,담솔,두부전골,돼지갈비 찜,대구지리탕
96,허니문 와인,산적 꼬치,마카롱,쉬폰 케이크
97,오미로제 결,연어샐러드,생선회,더덕구이
98,허니비 와인,약과,핑거푸드,다식
100,오미로제 프리미어,버섯구이,소고기 등심구이,더덕구이
103,술아 매화주,약과,산적 꼬치,돼지고기 김치찜
105,술아 연화주,약과,산적 꼬치,돼지고기 김치찜
106,우리술 오늘 약주,닭발,아구찜,약과
110,애피소드 상그리아 X 6병,과일치즈,크래커,쉬폰 케이크
111,술아 순곡주,돼지갈비 찜,참치회,어묵전골
112,애피소드 애플 X 6병,과일,크래커,햄버거
113,한스오차드,제육 볶음,연어초밥,리코타치즈
115,이도 22%,시래기장국,올갱이국,된장찌개
116,청명주 약주 17%,매운탕,고등어 김치찜,어죽
117,우도 땅콩 전통주 [6병/12병/20병],아구찜,성게보말국,해물찜
118,세인트하우스 딸기 와인 (드라이),치즈,바비큐 폭립,불고기
119,조은술 세종 바나나  [6병/12병/20병],바나나,감자전,카스테라
120,세인트하우스 가시오가피 와인,과일치즈,제육 볶음,육회
121,세인트하우스 모과 와인,과일치즈,문어 숙회,생선회
122,세인트하우스 오미자 와인,소고기 안심,피자,닭가슴살
123,세인트하우스 아로니아 와인,소고기 안심,삼겹살,목살 스테이크
124,괴산 세종 찰옥수수 [6병/12병/20병],오징어 땅콩,바닐라 아이스크림,두부부침
125,고소리술 29%,수육,문어 숙회,두부김치
126,세종 알밤주 [6병/12병/20병],소 불고기,군만두,중국식 냉채
128,펀치 쌀 바나나 X 6병,낙지 볶음,김치전,과일 파르페
129,오메기술 13% 2병 세트,치즈,흑돼지 삼겹살,생선회
130,니모메,동파육,보쌈,초밥
131,부안 참뽕 와인,블루베리 치즈 케이크,장어구이,떡볶이
133,담은 [3병/6병/10병],닭볶음탕,돼지고기 김치찜,떡볶이
135,복순도가 손 막걸리 X 3병,수육,짜장면,해물 파전
138,오희,조개탕,바지락 칼국수,딸기
139,오미자 생 막걸리 X 10병,수육,계란말이,육전
140,문희,수육,순대 볶음,닭갈비
141,구름을 벗삼아 [10병/12병],닭볶음탕,낙지 볶음,감자전
142,문희 오미자 가향주,아구찜,스테이크,주꾸미 볶음
144,백년향,닭볶음탕,갈비찜,주꾸미 볶음
145,맑은 문희주,소고기 안심,차돌박이 숙주 볶음,생선회
147,술아 국화주,약과,산적 꼬치,돼지고기 김치찜
148,우렁이쌀 청주,수육,매운탕,순대
151,삼양춘 약주,두부구이,꼬막 무침,문어 숙회
153,붉은 원숭이,견과류,치즈 케이크,크래커
162,문배술 40%,동파육,홍어 무침,중국식 냉채
181,병영소주,삼겹살,명란젓,장어구이
182,병영사또,삼겹살,명란젓,장어구이
188,수제 약주 별바랑,밀푀유나베,산낙지,족발
189,수제 탁주 바랑,족발,불고기,주꾸미 볶음
190,고도리 복숭아 와인,연어샐러드,리코타치즈,마들렌
193,고도리 화이트 와인 (스위트),조개구이,닭가슴살,흰살생선회
194,고흥 유자주 8%,오일 파스타,크림 새우,탕수육
196,고도리 화이트 청수 와인,과일 샐러드,고르곤졸라 피자,흰살생선회
197,단상지교,굴비,양념갈비,빈대떡
198,술공방 9.0 X 3병,닭발,마라탕,돼지갈비 찜
199,하타,오뎅탕,고등어구이,생선회
200,구기홍주,두부과자,약과,땅콩
202,겨울소주 25%,매운탕,삼겹살,오돌뼈
207,세종대왕어주 탁주,두부구이,버섯 전골,오뎅탕
208,세종대왕어주 약주,조개찜,호박전,흰살생선회
213,원매 15%,골뱅이 무침,초계국수,칠리 새우
219,댄싱파파,크림 파스타,후라이드 치킨,크래커
220,스윗마마,카프레제,호두파이,비빔면
221,더그린치 X 6병,감자튀김,크림 파스타,초밥
222,요새로제,물회,라자냐,치즈 케이크
224,혼디주,과일 샐러드,밀푀유나베,생선회
225,경성 과하주,새우튀김,갈비찜,곶감치즈말이
226,복단지,제육 볶음,돼지갈비 찜,장어구이
227,진맥소주 40%,수육,참치회,하몽
231,삼양춘 청주,과일치즈,조개찜,연어초밥
240,오산 막걸리 [3병/12병],김치전,계란말이,견과류
241,[라스트 구매찬스!] 오매백주 [3병/12병],골뱅이 무침,해물 파전,족발
243,독산 30%,육포,연포탕,흰살생선회
244,독산 53%,육포,연포탕,흰살생선회
249,문배술 2병 헤리티지 선물세트 (잔 포함),굴,불고기,삼치구이
253,오미로제 연,새우 오일 파스타,연어샐러드,육전
254,꿀샘16,고르곤졸라 피자,브루스케타,떡꼬치
255,부자진,육포,목살구이,참치타다끼
257,토박이 한산 소곡주,샤브샤브,제육 볶음,약과
275,문삼이공 잣,순대,불고기,떡볶이
276,왕율주 33%,딱새우 회,전어회,갈비 구이
277,애플사이더 헤베 X 6병,막국수,고르곤졸라 피자,초밥
278,시향가 X 3병,조개탕,부추전,삼겹살
279,나루 생 막걸리 6% [3병/6병],육포,크래커,햄
280,커피냑,초코 케이크,크래커,아포카토
281,제주 몬순 커피주,쉬폰 케이크,비스킷,모카번
282,문삼이공 탁주,쫄면,전복 버터구이,장어구이
283,문삼이공 약주,고등어구이,보쌈,두부부침
284,선호 생 막걸리 X 20병,두부구이,나쵸,해물 파전
286,김포 특주,간장 게장,감자탕,시금치 무침
292,편백숲 산소막걸리 딸기 스파클링,삼겹살,양고기,홍어 무침
293,고도리 체리 와인,고구마,크로아상,아몬드
294,고도리 자두 와인,크림 파스타,탕수육,불고기
295,크라테 로제 미디엄 드라이,크림 파스타,베이컨,조개구이
296,크라테 화이트 스위트,치즈,고르곤졸라 피자,카프레제
297,크라테 산머루 미디엄 드라이,육포,연어초밥,구운 버섯
298,크라테 산머루 드라이,소고기 안심,닭 안심 스테이크,구운 버섯
299,술샘19,고등어 회,크림소스 연어 스테이크,장어구이
300,아이엠더문 오리지널,카나페,연어샐러드,치즈 케이크
303,송이주,두부구이,광어회,등심 스테이크
304,능이주,막창,시래기 무침,족발
306,대왕 산삼 생 막걸리 X 6병,마라샹궈,삼계탕,불고기
307,청남대 블루베리 생 막걸리 X 6병,프로슈토,견과류,치즈 케이크
308,와쥬블루,스트링치즈,슬라이스 햄,고등어 회
309,시나브로 에뚜왈 화이트 스파클링 와인,리코타치즈,시저 샐러드,프로슈토
310,담화탁주 X 2병,순대 볶음,양념 치킨,떡볶이
312,토박이 소곡화주,조개구이,산낙지,불고기
313,녹파주,연잎밥,쑥전,문어 숙회
314,화주,견과류,한우 스테이크,스모크치즈
315,가덕 순쌀 생 막걸리 X 6병,육전,해물 파전,감자전
318,배꽃 필 무렵 잣잎 X 3병,마카롱,스테이크,초콜릿
320,나루 생 막걸리 11.5% [3병/8병],튀김,생크림 케이크,고기 만두
324,려 증류소주 40%,곱창,양꼬치,참치회
325,밀담 24%,아몬드,치즈플레이트,파인애플
326,밀담 40%,아몬드,치즈플레이트,파인애플
327,미상 25%,삼겹살,문어 숙회,해삼
330,264 청포도 와인 꽃 (Medium Sweet),굴,브루스케타,닭가슴살 샐러드
331,264 청포도 와인 절정 (Medium Dry),연어 스테이크,흰살생선회,생선찜
332,264 청포도 와인 광야 (Dry),초밥,육회,족발
333,안동소주 일품 17% [6병/12병],닭발,삼겹살,순대국
334,안동소주 일품 21% [6병/12병],보쌈,양장피,오징어 초무침
335,안동소주 일품 40% [6병/12병],연포탕,삼계탕,장어구이
339,매실 향기 담은 술,방어회,감자전,탕수육
340,금산인삼주 수삼 23%,연포탕,삼계탕,장어구이
343,제주 허니와인 오어,수플레,마들렌,카스테라
344,제주 허니와인 오어 루비,치즈 케이크,롤 케이크,피자
345,려 증류소주 25%,조개구이,육회,홍어 무침
346,설하담 X 2병,두부,순대,크래커
350,동몽,연어 스테이크,오리 구이,두부부침
351,오크랜드 X 2병,슬라이스 햄,갈비찜,에그타르트
352,금이산 복숭아 와인,롤 케이크,마들렌,광어회
353,부자진 오미자,마라샹궈,양꼬치,버섯구이
354,금산인삼주 약주 [3병/6병/15병],두부김치,감자조림,간장 불고기
357,려 고구마 증류소주 25%,불고기,두부김치,감자조림
358,려 고구마 증류소주 40%,동파육,곱창,족발
362,별산 막걸리 [3병/5병],오징어 초무침,주꾸미 볶음,양념 치킨
363,루드베리,크림 파스타,카프레제,피자
