index,제품명,page
9,가덕순쌀막걸리,315
16,감사,65
26,겨울소주25,202
36,고도리복숭아와인,190
38,고도리화이트와인스위트,193
39,고소리술,1020
40,고운달백자,92
41,고운달오크,94
46,구기홍주14,200
47,구름을벗삼아,141
53,그랑꼬또청수,1134
58,금산인삼주,354
59,금산인삼주수삼단본23,340
60,금산인삼주수삼단본43,1275
61,금이산농원복숭아와인,352
75,김포특주,286
77,나루생막걸리11.5,320
78,나루생막걸리6,279
86,녹파주,313
89,능이주,304
90,니모메,130
97,담솔,95
99,담은,133
113,독산53,244
115,동몽,350
118,동학1957,1241
120,두레앙22,1112
123,두레앙증류주,1113
126,라이스퐁당13,1238
130,려25,345
131,려고구마증류소주25,357
132,려고구마증류소주40,358
136,마주소곡주,1225
138,막시모40,1107
139,만강에비친달,1118
140,맑은내일Winery단감명작,1236
142,맑은내일우포,1178
143,맑은문희주,145
147,매실향기담은술,339
153,면천두견주,64
162,모월로,1128
164,모월인,1122
170,문경바람백자25,1019
171,문경바람백자40,90
172,문경바람오크,89
173,문경주조오미자생막걸리,139
175,문배술헤리티지25,1055
176,문배술헤리티지40,162
177,문희문경오미자수제전통주,142
178,문희햇찹쌀수제전통주,140
179,미르25,67
180,미르40,1016
187,바랑탁,189
194,백년향,144
195,백련맑은술,1219
196,백련생막걸리Misty,1093
208,별바랑,188
211,병영설성사또,182
212,병영소주,181
215,복순도가손막걸리,135
216,볼빨간막걸리10,1237
220,부안참뽕와인,131
221,부자10,1257
223,붉은원숭이,153
231,삼양춘생약주,151
232,삼양춘생탁주,72
233,삼양춘청주,231
234,샤토미소랑,1149
237,샤토미소스위트로제,1137
238,샤토미소영동,1156
240,서울의밤,70
249,선호생막걸리,284
254,설하담,346
257,세종대왕어주약주,208
258,세종대왕어주탁주,207
260,세종알밤주,126
270,솔송주,93
272,송이주,303
275,술공방9,198
276,술그리다생탁주,84
278,술아국화주,147
280,술아매화주,103
281,술아순곡주,111
282,술아연화주,105
284,술취한원숭이,75
291,시나브로에뚜왈로제스파클링와인,1061
292,시나브로에뚜왈스파클링,309
295,신례명주,1338
298,신선주약주,1205
306,안동소주일품17,333
307,안동소주일품21,334
308,안동소주일품골드,1092
313,애피소드상그리아,110
314,애피소드애플,112
321,여포의꿈레드드라이,1116
322,여포의꿈레드스위트,1115
323,여포의꿈화이트,1119
334,예천주복만월24,1043
335,예천주복만월40,1054
341,오매백주,241
343,오메기술,129
343,오메기술,1217
346,오미로제프리미어와인,100
348,오산막걸리,240
349,오희스파클링막걸리,138
353,우도땅콩전통주,117
355,운암1945,1177
356,원매,213
361,유기농이도14,1014
369,이강주25,1250
370,이도32,1013
380,자연담은복분자막걸리,1201
386,장수오미자주,1196
388,정고집나주배약주15,1227
397,조은술세종바나나주,119
404,지란지교무화과탁주,1102
405,지란지교약주,1100
406,지란지교탁주,1101
416,진맥소주40,227
417,진맥소주53,1008
431,천비향오양주약주,87
432,천비향오양주탁주,86
433,천비향화주,85
436,청남대블루베리생막걸리,307
437,청명주,116
447,초선의꿈로제,1123
448,추사40,81
450,추사백25,1063
452,추사애플와인,82
465,크라테로제와인,295
471,펀치쌀바나나 ,128
473,편백숲산소막걸리딸기스파클링,292
493,한스오차드사과와인,113
510,허니문와인,96
511,허니비와인,98
518,혼디주,224
520,홍삼명주,76
522,화주,314
524,황금보리소주25,1242
532,희양산막걸리9,1207
